<?xml version="1.0" encoding="UTF-8"?><?xml-stylesheet type='text/xsl' href='_UpgradeReport_Files/UpgradeReport.xslt'?><UpgradeLog>
<Properties><Property Name="Solution" Value="EMS">
</Property><Property Name="解决方案文件" Value="C:\Documents and Settings\liyafei\桌面\EMS\EMS.sln">
</Property><Property Name="用户选项文件" Value="C:\Documents and Settings\liyafei\桌面\EMS\EMS.suo">
</Property><Property Name="Date" Value="2013年3月12日">
</Property><Property Name="Time" Value="14:59">
</Property></Properties><Event ErrorLevel="0" Project="" Source="EMS.sln" Description="文件已成功备份为 C:\Documents and Settings\liyafei\桌面\EMS\Backup\EMS.sln">
</Event><Event ErrorLevel="0" Project="" Source="EMS.suo" Description="文件已成功备份为 C:\Documents and Settings\liyafei\桌面\EMS\Backup\EMS.suo">
</Event><Event ErrorLevel="4" Project="EMS" Source="http://go.microsoft.com/fwlink/?LinkId=159919" Description="警告: 此项目要求安装 Visual Studio 中不再包含的 Crystal Reports。有关详细信息，请单击此处。">
</Event><Event ErrorLevel="0" Project="EMS" Source="EMS\EMS.csproj" Description="项目文件已成功备份为 C:\Documents and Settings\liyafei\桌面\EMS\Backup\EMS\EMS.csproj">
</Event><Event ErrorLevel="0" Project="EMS" Source="EMS\EMS.csproj.user" Description="项目用户文件成功备份为 C:\Documents and Settings\liyafei\桌面\EMS\Backup\EMS\EMS.csproj.user">
</Event><Event ErrorLevel="0" Project="EMS" Source="EMS\About.cs" Description="文件已成功备份为 C:\Documents and Settings\liyafei\桌面\EMS\Backup\EMS\About.cs">
</Event><Event ErrorLevel="0" Project="EMS" Source="EMS\About.Designer.cs" Description="文件已成功备份为 C:\Documents and Settings\liyafei\桌面\EMS\Backup\EMS\About.Designer.cs">
</Event><Event ErrorLevel="0" Project="EMS" Source="EMS\ChgPwd.cs" Description="文件已成功备份为 C:\Documents and Settings\liyafei\桌面\EMS\Backup\EMS\ChgPwd.cs">
</Event><Event ErrorLevel="0" Project="EMS" Source="EMS\ChgPwd.Designer.cs" Description="文件已成功备份为 C:\Documents and Settings\liyafei\桌面\EMS\Backup\EMS\ChgPwd.Designer.cs">
</Event><Event ErrorLevel="0" Project="EMS" Source="EMS\cs\EMSDS.cs" Description="文件已成功备份为 C:\Documents and Settings\liyafei\桌面\EMS\Backup\EMS\cs\EMSDS.cs">
</Event><Event ErrorLevel="0" Project="EMS" Source="EMS\cs\EMSDS.Designer.cs" Description="文件已成功备份为 C:\Documents and Settings\liyafei\桌面\EMS\Backup\EMS\cs\EMSDS.Designer.cs">
</Event><Event ErrorLevel="0" Project="EMS" Source="EMS\cs\SplashAppContext.cs" Description="文件已成功备份为 C:\Documents and Settings\liyafei\桌面\EMS\Backup\EMS\cs\SplashAppContext.cs">
</Event><Event ErrorLevel="0" Project="EMS" Source="EMS\Help.cs" Description="文件已成功备份为 C:\Documents and Settings\liyafei\桌面\EMS\Backup\EMS\Help.cs">
</Event><Event ErrorLevel="0" Project="EMS" Source="EMS\Help.Designer.cs" Description="文件已成功备份为 C:\Documents and Settings\liyafei\桌面\EMS\Backup\EMS\Help.Designer.cs">
</Event><Event ErrorLevel="0" Project="EMS" Source="EMS\login.cs" Description="文件已成功备份为 C:\Documents and Settings\liyafei\桌面\EMS\Backup\EMS\login.cs">
</Event><Event ErrorLevel="0" Project="EMS" Source="EMS\login.Designer.cs" Description="文件已成功备份为 C:\Documents and Settings\liyafei\桌面\EMS\Backup\EMS\login.Designer.cs">
</Event><Event ErrorLevel="0" Project="EMS" Source="EMS\Main.cs" Description="文件已成功备份为 C:\Documents and Settings\liyafei\桌面\EMS\Backup\EMS\Main.cs">
</Event><Event ErrorLevel="0" Project="EMS" Source="EMS\Main.Designer.cs" Description="文件已成功备份为 C:\Documents and Settings\liyafei\桌面\EMS\Backup\EMS\Main.Designer.cs">
</Event><Event ErrorLevel="0" Project="EMS" Source="EMS\Program.cs" Description="文件已成功备份为 C:\Documents and Settings\liyafei\桌面\EMS\Backup\EMS\Program.cs">
</Event><Event ErrorLevel="0" Project="EMS" Source="EMS\Properties\AssemblyInfo.cs" Description="文件已成功备份为 C:\Documents and Settings\liyafei\桌面\EMS\Backup\EMS\Properties\AssemblyInfo.cs">
</Event><Event ErrorLevel="0" Project="EMS" Source="EMS\Properties\Resources.Designer.cs" Description="文件已成功备份为 C:\Documents and Settings\liyafei\桌面\EMS\Backup\EMS\Properties\Resources.Designer.cs">
</Event><Event ErrorLevel="0" Project="EMS" Source="EMS\Properties\Settings.Designer.cs" Description="文件已成功备份为 C:\Documents and Settings\liyafei\桌面\EMS\Backup\EMS\Properties\Settings.Designer.cs">
</Event><Event ErrorLevel="0" Project="EMS" Source="EMS\start.cs" Description="文件已成功备份为 C:\Documents and Settings\liyafei\桌面\EMS\Backup\EMS\start.cs">
</Event><Event ErrorLevel="0" Project="EMS" Source="EMS\start.Designer.cs" Description="文件已成功备份为 C:\Documents and Settings\liyafei\桌面\EMS\Backup\EMS\start.Designer.cs">
</Event><Event ErrorLevel="0" Project="EMS" Source="EMS\人员管理\PerEd.cs" Description="文件已成功备份为 C:\Documents and Settings\liyafei\桌面\EMS\Backup\EMS\人员管理\PerEd.cs">
</Event><Event ErrorLevel="0" Project="EMS" Source="EMS\人员管理\PerEd.Designer.cs" Description="文件已成功备份为 C:\Documents and Settings\liyafei\桌面\EMS\Backup\EMS\人员管理\PerEd.Designer.cs">
</Event><Event ErrorLevel="0" Project="EMS" Source="EMS\人员管理\PerIn.cs" Description="文件已成功备份为 C:\Documents and Settings\liyafei\桌面\EMS\Backup\EMS\人员管理\PerIn.cs">
</Event><Event ErrorLevel="0" Project="EMS" Source="EMS\人员管理\PerIn.Designer.cs" Description="文件已成功备份为 C:\Documents and Settings\liyafei\桌面\EMS\Backup\EMS\人员管理\PerIn.Designer.cs">
</Event><Event ErrorLevel="0" Project="EMS" Source="EMS\人员管理\PerSe.cs" Description="文件已成功备份为 C:\Documents and Settings\liyafei\桌面\EMS\Backup\EMS\人员管理\PerSe.cs">
</Event><Event ErrorLevel="0" Project="EMS" Source="EMS\人员管理\PerSe.Designer.cs" Description="文件已成功备份为 C:\Documents and Settings\liyafei\桌面\EMS\Backup\EMS\人员管理\PerSe.Designer.cs">
</Event><Event ErrorLevel="0" Project="EMS" Source="EMS\基础资料\BasDep.cs" Description="文件已成功备份为 C:\Documents and Settings\liyafei\桌面\EMS\Backup\EMS\基础资料\BasDep.cs">
</Event><Event ErrorLevel="0" Project="EMS" Source="EMS\基础资料\BasDep.Designer.cs" Description="文件已成功备份为 C:\Documents and Settings\liyafei\桌面\EMS\Backup\EMS\基础资料\BasDep.Designer.cs">
</Event><Event ErrorLevel="0" Project="EMS" Source="EMS\基础资料\EquLog.cs" Description="文件已成功备份为 C:\Documents and Settings\liyafei\桌面\EMS\Backup\EMS\基础资料\EquLog.cs">
</Event><Event ErrorLevel="0" Project="EMS" Source="EMS\基础资料\EquLog.Designer.cs" Description="文件已成功备份为 C:\Documents and Settings\liyafei\桌面\EMS\Backup\EMS\基础资料\EquLog.Designer.cs">
</Event><Event ErrorLevel="0" Project="EMS" Source="EMS\基础资料\EquSpc.cs" Description="文件已成功备份为 C:\Documents and Settings\liyafei\桌面\EMS\Backup\EMS\基础资料\EquSpc.cs">
</Event><Event ErrorLevel="0" Project="EMS" Source="EMS\基础资料\EquSpc.Designer.cs" Description="文件已成功备份为 C:\Documents and Settings\liyafei\桌面\EMS\Backup\EMS\基础资料\EquSpc.Designer.cs">
</Event><Event ErrorLevel="0" Project="EMS" Source="EMS\基础资料\EquTyp.cs" Description="文件已成功备份为 C:\Documents and Settings\liyafei\桌面\EMS\Backup\EMS\基础资料\EquTyp.cs">
</Event><Event ErrorLevel="0" Project="EMS" Source="EMS\基础资料\EquTyp.Designer.cs" Description="文件已成功备份为 C:\Documents and Settings\liyafei\桌面\EMS\Backup\EMS\基础资料\EquTyp.Designer.cs">
</Event><Event ErrorLevel="0" Project="EMS" Source="EMS\基础资料\EquUse.cs" Description="文件已成功备份为 C:\Documents and Settings\liyafei\桌面\EMS\Backup\EMS\基础资料\EquUse.cs">
</Event><Event ErrorLevel="0" Project="EMS" Source="EMS\基础资料\EquUse.Designer.cs" Description="文件已成功备份为 C:\Documents and Settings\liyafei\桌面\EMS\Backup\EMS\基础资料\EquUse.Designer.cs">
</Event><Event ErrorLevel="0" Project="EMS" Source="EMS\报表管理\rpt\固定资产使用登记表.cs" Description="文件已成功备份为 C:\Documents and Settings\liyafei\桌面\EMS\Backup\EMS\报表管理\rpt\固定资产使用登记表.cs">
</Event><Event ErrorLevel="0" Project="EMS" Source="EMS\报表管理\rpt\清查明细表.cs" Description="文件已成功备份为 C:\Documents and Settings\liyafei\桌面\EMS\Backup\EMS\报表管理\rpt\清查明细表.cs">
</Event><Event ErrorLevel="0" Project="EMS" Source="EMS\报表管理\固定资产使用登记报表.cs" Description="文件已成功备份为 C:\Documents and Settings\liyafei\桌面\EMS\Backup\EMS\报表管理\固定资产使用登记报表.cs">
</Event><Event ErrorLevel="0" Project="EMS" Source="EMS\报表管理\固定资产使用登记报表.Designer.cs" Description="文件已成功备份为 C:\Documents and Settings\liyafei\桌面\EMS\Backup\EMS\报表管理\固定资产使用登记报表.Designer.cs">
</Event><Event ErrorLevel="0" Project="EMS" Source="EMS\报表管理\清查明细表.cs" Description="文件已成功备份为 C:\Documents and Settings\liyafei\桌面\EMS\Backup\EMS\报表管理\清查明细表.cs">
</Event><Event ErrorLevel="0" Project="EMS" Source="EMS\报表管理\清查明细表.Designer.cs" Description="文件已成功备份为 C:\Documents and Settings\liyafei\桌面\EMS\Backup\EMS\报表管理\清查明细表.Designer.cs">
</Event><Event ErrorLevel="0" Project="EMS" Source="EMS\租赁管理\EquLe.cs" Description="文件已成功备份为 C:\Documents and Settings\liyafei\桌面\EMS\Backup\EMS\租赁管理\EquLe.cs">
</Event><Event ErrorLevel="0" Project="EMS" Source="EMS\租赁管理\EquLe.Designer.cs" Description="文件已成功备份为 C:\Documents and Settings\liyafei\桌面\EMS\Backup\EMS\租赁管理\EquLe.Designer.cs">
</Event><Event ErrorLevel="0" Project="EMS" Source="EMS\租赁管理\EquLog.cs" Description="文件已成功备份为 C:\Documents and Settings\liyafei\桌面\EMS\Backup\EMS\租赁管理\EquLog.cs">
</Event><Event ErrorLevel="0" Project="EMS" Source="EMS\租赁管理\EquLog.Designer.cs" Description="文件已成功备份为 C:\Documents and Settings\liyafei\桌面\EMS\Backup\EMS\租赁管理\EquLog.Designer.cs">
</Event><Event ErrorLevel="0" Project="EMS" Source="EMS\租赁管理\EquRe.cs" Description="文件已成功备份为 C:\Documents and Settings\liyafei\桌面\EMS\Backup\EMS\租赁管理\EquRe.cs">
</Event><Event ErrorLevel="0" Project="EMS" Source="EMS\租赁管理\EquRe.Designer.cs" Description="文件已成功备份为 C:\Documents and Settings\liyafei\桌面\EMS\Backup\EMS\租赁管理\EquRe.Designer.cs">
</Event><Event ErrorLevel="0" Project="EMS" Source="EMS\租赁管理\EquSt.cs" Description="文件已成功备份为 C:\Documents and Settings\liyafei\桌面\EMS\Backup\EMS\租赁管理\EquSt.cs">
</Event><Event ErrorLevel="0" Project="EMS" Source="EMS\租赁管理\EquSt.Designer.cs" Description="文件已成功备份为 C:\Documents and Settings\liyafei\桌面\EMS\Backup\EMS\租赁管理\EquSt.Designer.cs">
</Event><Event ErrorLevel="0" Project="EMS" Source="EMS\设备管理\DeLog.cs" Description="文件已成功备份为 C:\Documents and Settings\liyafei\桌面\EMS\Backup\EMS\设备管理\DeLog.cs">
</Event><Event ErrorLevel="0" Project="EMS" Source="EMS\设备管理\DeLog.Designer.cs" Description="文件已成功备份为 C:\Documents and Settings\liyafei\桌面\EMS\Backup\EMS\设备管理\DeLog.Designer.cs">
</Event><Event ErrorLevel="0" Project="EMS" Source="EMS\设备管理\EquDe.cs" Description="文件已成功备份为 C:\Documents and Settings\liyafei\桌面\EMS\Backup\EMS\设备管理\EquDe.cs">
</Event><Event ErrorLevel="0" Project="EMS" Source="EMS\设备管理\EquDe.Designer.cs" Description="文件已成功备份为 C:\Documents and Settings\liyafei\桌面\EMS\Backup\EMS\设备管理\EquDe.Designer.cs">
</Event><Event ErrorLevel="0" Project="EMS" Source="EMS\设备管理\EquEd.cs" Description="文件已成功备份为 C:\Documents and Settings\liyafei\桌面\EMS\Backup\EMS\设备管理\EquEd.cs">
</Event><Event ErrorLevel="0" Project="EMS" Source="EMS\设备管理\EquEd.Designer.cs" Description="文件已成功备份为 C:\Documents and Settings\liyafei\桌面\EMS\Backup\EMS\设备管理\EquEd.Designer.cs">
</Event><Event ErrorLevel="0" Project="EMS" Source="EMS\设备管理\EquIn.cs" Description="文件已成功备份为 C:\Documents and Settings\liyafei\桌面\EMS\Backup\EMS\设备管理\EquIn.cs">
</Event><Event ErrorLevel="0" Project="EMS" Source="EMS\设备管理\EquIn.Designer.cs" Description="文件已成功备份为 C:\Documents and Settings\liyafei\桌面\EMS\Backup\EMS\设备管理\EquIn.Designer.cs">
</Event><Event ErrorLevel="0" Project="EMS" Source="EMS\设备管理\EquSe.cs" Description="文件已成功备份为 C:\Documents and Settings\liyafei\桌面\EMS\Backup\EMS\设备管理\EquSe.cs">
</Event><Event ErrorLevel="0" Project="EMS" Source="EMS\设备管理\EquSe.Designer.cs" Description="文件已成功备份为 C:\Documents and Settings\liyafei\桌面\EMS\Backup\EMS\设备管理\EquSe.Designer.cs">
</Event><Event ErrorLevel="0" Project="EMS" Source="EMS\Properties\Settings.settings" Description="文件已成功备份为 C:\Documents and Settings\liyafei\桌面\EMS\Backup\EMS\Properties\Settings.settings">
</Event><Event ErrorLevel="0" Project="EMS" Source="EMS\app.config" Description="文件已成功备份为 C:\Documents and Settings\liyafei\桌面\EMS\Backup\EMS\app.config">
</Event><Event ErrorLevel="0" Project="EMS" Source="EMS\cs\EMSDS.xsc" Description="文件已成功备份为 C:\Documents and Settings\liyafei\桌面\EMS\Backup\EMS\cs\EMSDS.xsc">
</Event><Event ErrorLevel="0" Project="EMS" Source="EMS\cs\EMSDS.xsd" Description="文件已成功备份为 C:\Documents and Settings\liyafei\桌面\EMS\Backup\EMS\cs\EMSDS.xsd">
</Event><Event ErrorLevel="0" Project="EMS" Source="EMS\cs\EMSDS.xss" Description="文件已成功备份为 C:\Documents and Settings\liyafei\桌面\EMS\Backup\EMS\cs\EMSDS.xss">
</Event><Event ErrorLevel="0" Project="EMS" Source="EMS\cs\Resources\01.ICO" Description="文件已成功备份为 C:\Documents and Settings\liyafei\桌面\EMS\Backup\EMS\cs\Resources\01.ICO">
</Event><Event ErrorLevel="0" Project="EMS" Source="EMS\About.resx" Description="文件已成功备份为 C:\Documents and Settings\liyafei\桌面\EMS\Backup\EMS\About.resx">
</Event><Event ErrorLevel="0" Project="EMS" Source="EMS\ChgPwd.resx" Description="文件已成功备份为 C:\Documents and Settings\liyafei\桌面\EMS\Backup\EMS\ChgPwd.resx">
</Event><Event ErrorLevel="0" Project="EMS" Source="EMS\Help.resx" Description="文件已成功备份为 C:\Documents and Settings\liyafei\桌面\EMS\Backup\EMS\Help.resx">
</Event><Event ErrorLevel="0" Project="EMS" Source="EMS\login.resx" Description="文件已成功备份为 C:\Documents and Settings\liyafei\桌面\EMS\Backup\EMS\login.resx">
</Event><Event ErrorLevel="0" Project="EMS" Source="EMS\Main.resx" Description="文件已成功备份为 C:\Documents and Settings\liyafei\桌面\EMS\Backup\EMS\Main.resx">
</Event><Event ErrorLevel="0" Project="EMS" Source="EMS\Properties\Resources.resx" Description="文件已成功备份为 C:\Documents and Settings\liyafei\桌面\EMS\Backup\EMS\Properties\Resources.resx">
</Event><Event ErrorLevel="0" Project="EMS" Source="EMS\start.resx" Description="文件已成功备份为 C:\Documents and Settings\liyafei\桌面\EMS\Backup\EMS\start.resx">
</Event><Event ErrorLevel="0" Project="EMS" Source="EMS\人员管理\PerEd.resx" Description="文件已成功备份为 C:\Documents and Settings\liyafei\桌面\EMS\Backup\EMS\人员管理\PerEd.resx">
</Event><Event ErrorLevel="0" Project="EMS" Source="EMS\人员管理\PerIn.resx" Description="文件已成功备份为 C:\Documents and Settings\liyafei\桌面\EMS\Backup\EMS\人员管理\PerIn.resx">
</Event><Event ErrorLevel="0" Project="EMS" Source="EMS\人员管理\PerSe.resx" Description="文件已成功备份为 C:\Documents and Settings\liyafei\桌面\EMS\Backup\EMS\人员管理\PerSe.resx">
</Event><Event ErrorLevel="0" Project="EMS" Source="EMS\基础资料\BasDep.resx" Description="文件已成功备份为 C:\Documents and Settings\liyafei\桌面\EMS\Backup\EMS\基础资料\BasDep.resx">
</Event><Event ErrorLevel="0" Project="EMS" Source="EMS\基础资料\EquLog.resx" Description="文件已成功备份为 C:\Documents and Settings\liyafei\桌面\EMS\Backup\EMS\基础资料\EquLog.resx">
</Event><Event ErrorLevel="0" Project="EMS" Source="EMS\基础资料\EquSpc.resx" Description="文件已成功备份为 C:\Documents and Settings\liyafei\桌面\EMS\Backup\EMS\基础资料\EquSpc.resx">
</Event><Event ErrorLevel="0" Project="EMS" Source="EMS\基础资料\EquTyp.resx" Description="文件已成功备份为 C:\Documents and Settings\liyafei\桌面\EMS\Backup\EMS\基础资料\EquTyp.resx">
</Event><Event ErrorLevel="0" Project="EMS" Source="EMS\基础资料\EquUse.resx" Description="文件已成功备份为 C:\Documents and Settings\liyafei\桌面\EMS\Backup\EMS\基础资料\EquUse.resx">
</Event><Event ErrorLevel="0" Project="EMS" Source="EMS\报表管理\rpt\固定资产使用登记表.rpt" Description="文件已成功备份为 C:\Documents and Settings\liyafei\桌面\EMS\Backup\EMS\报表管理\rpt\固定资产使用登记表.rpt">
</Event><Event ErrorLevel="0" Project="EMS" Source="EMS\报表管理\rpt\清查明细表.rpt" Description="文件已成功备份为 C:\Documents and Settings\liyafei\桌面\EMS\Backup\EMS\报表管理\rpt\清查明细表.rpt">
</Event><Event ErrorLevel="0" Project="EMS" Source="EMS\报表管理\固定资产使用登记报表.resx" Description="文件已成功备份为 C:\Documents and Settings\liyafei\桌面\EMS\Backup\EMS\报表管理\固定资产使用登记报表.resx">
</Event><Event ErrorLevel="0" Project="EMS" Source="EMS\报表管理\清查明细表.resx" Description="文件已成功备份为 C:\Documents and Settings\liyafei\桌面\EMS\Backup\EMS\报表管理\清查明细表.resx">
</Event><Event ErrorLevel="0" Project="EMS" Source="EMS\租赁管理\EquLe.resx" Description="文件已成功备份为 C:\Documents and Settings\liyafei\桌面\EMS\Backup\EMS\租赁管理\EquLe.resx">
</Event><Event ErrorLevel="0" Project="EMS" Source="EMS\租赁管理\EquLog.resx" Description="文件已成功备份为 C:\Documents and Settings\liyafei\桌面\EMS\Backup\EMS\租赁管理\EquLog.resx">
</Event><Event ErrorLevel="0" Project="EMS" Source="EMS\租赁管理\EquRe.resx" Description="文件已成功备份为 C:\Documents and Settings\liyafei\桌面\EMS\Backup\EMS\租赁管理\EquRe.resx">
</Event><Event ErrorLevel="0" Project="EMS" Source="EMS\租赁管理\EquSt.resx" Description="文件已成功备份为 C:\Documents and Settings\liyafei\桌面\EMS\Backup\EMS\租赁管理\EquSt.resx">
</Event><Event ErrorLevel="0" Project="EMS" Source="EMS\设备管理\DeLog.resx" Description="文件已成功备份为 C:\Documents and Settings\liyafei\桌面\EMS\Backup\EMS\设备管理\DeLog.resx">
</Event><Event ErrorLevel="0" Project="EMS" Source="EMS\设备管理\EquDe.resx" Description="文件已成功备份为 C:\Documents and Settings\liyafei\桌面\EMS\Backup\EMS\设备管理\EquDe.resx">
</Event><Event ErrorLevel="0" Project="EMS" Source="EMS\设备管理\EquEd.resx" Description="文件已成功备份为 C:\Documents and Settings\liyafei\桌面\EMS\Backup\EMS\设备管理\EquEd.resx">
</Event><Event ErrorLevel="0" Project="EMS" Source="EMS\设备管理\EquIn.resx" Description="文件已成功备份为 C:\Documents and Settings\liyafei\桌面\EMS\Backup\EMS\设备管理\EquIn.resx">
</Event><Event ErrorLevel="0" Project="EMS" Source="EMS\设备管理\EquSe.resx" Description="文件已成功备份为 C:\Documents and Settings\liyafei\桌面\EMS\Backup\EMS\设备管理\EquSe.resx">
</Event><Event ErrorLevel="0" Project="EMS" Source="EMS\EMS.csproj" Description="项目已成功转换">
</Event><Event ErrorLevel="3" Project="EMS" Source="EMS\EMS.csproj" Description="Converted">
</Event><Event ErrorLevel="4" Project="authmanager" Source="http://go.microsoft.com/fwlink/?LinkId=159919" Description="警告: 此项目要求安装 Visual Studio 中不再包含的 Crystal Reports。有关详细信息，请单击此处。">
</Event><Event ErrorLevel="0" Project="authmanager" Source="authmanager\authmanager.csproj" Description="项目文件已成功备份为 C:\Documents and Settings\liyafei\桌面\EMS\Backup\authmanager\authmanager.csproj">
</Event><Event ErrorLevel="0" Project="authmanager" Source="authmanager\authmanager.csproj.user" Description="项目用户文件成功备份为 C:\Documents and Settings\liyafei\桌面\EMS\Backup\authmanager\authmanager.csproj.user">
</Event><Event ErrorLevel="0" Project="authmanager" Source="authmanager\about.cs" Description="文件已成功备份为 C:\Documents and Settings\liyafei\桌面\EMS\Backup\authmanager\about.cs">
</Event><Event ErrorLevel="0" Project="authmanager" Source="authmanager\about.Designer.cs" Description="文件已成功备份为 C:\Documents and Settings\liyafei\桌面\EMS\Backup\authmanager\about.Designer.cs">
</Event><Event ErrorLevel="0" Project="authmanager" Source="authmanager\adduser.cs" Description="文件已成功备份为 C:\Documents and Settings\liyafei\桌面\EMS\Backup\authmanager\adduser.cs">
</Event><Event ErrorLevel="0" Project="authmanager" Source="authmanager\adduser.Designer.cs" Description="文件已成功备份为 C:\Documents and Settings\liyafei\桌面\EMS\Backup\authmanager\adduser.Designer.cs">
</Event><Event ErrorLevel="0" Project="authmanager" Source="authmanager\adduserrole.cs" Description="文件已成功备份为 C:\Documents and Settings\liyafei\桌面\EMS\Backup\authmanager\adduserrole.cs">
</Event><Event ErrorLevel="0" Project="authmanager" Source="authmanager\adduserrole.Designer.cs" Description="文件已成功备份为 C:\Documents and Settings\liyafei\桌面\EMS\Backup\authmanager\adduserrole.Designer.cs">
</Event><Event ErrorLevel="0" Project="authmanager" Source="authmanager\backupdatabase.cs" Description="文件已成功备份为 C:\Documents and Settings\liyafei\桌面\EMS\Backup\authmanager\backupdatabase.cs">
</Event><Event ErrorLevel="0" Project="authmanager" Source="authmanager\backupdatabase.Designer.cs" Description="文件已成功备份为 C:\Documents and Settings\liyafei\桌面\EMS\Backup\authmanager\backupdatabase.Designer.cs">
</Event><Event ErrorLevel="0" Project="authmanager" Source="authmanager\changepassword.cs" Description="文件已成功备份为 C:\Documents and Settings\liyafei\桌面\EMS\Backup\authmanager\changepassword.cs">
</Event><Event ErrorLevel="0" Project="authmanager" Source="authmanager\changepassword.Designer.cs" Description="文件已成功备份为 C:\Documents and Settings\liyafei\桌面\EMS\Backup\authmanager\changepassword.Designer.cs">
</Event><Event ErrorLevel="0" Project="authmanager" Source="authmanager\cleardb.cs" Description="文件已成功备份为 C:\Documents and Settings\liyafei\桌面\EMS\Backup\authmanager\cleardb.cs">
</Event><Event ErrorLevel="0" Project="authmanager" Source="authmanager\cleardb.Designer.cs" Description="文件已成功备份为 C:\Documents and Settings\liyafei\桌面\EMS\Backup\authmanager\cleardb.Designer.cs">
</Event><Event ErrorLevel="0" Project="authmanager" Source="authmanager\connectset.cs" Description="文件已成功备份为 C:\Documents and Settings\liyafei\桌面\EMS\Backup\authmanager\connectset.cs">
</Event><Event ErrorLevel="0" Project="authmanager" Source="authmanager\connectset.Designer.cs" Description="文件已成功备份为 C:\Documents and Settings\liyafei\桌面\EMS\Backup\authmanager\connectset.Designer.cs">
</Event><Event ErrorLevel="0" Project="authmanager" Source="authmanager\cs\uras.Designer.cs" Description="文件已成功备份为 C:\Documents and Settings\liyafei\桌面\EMS\Backup\authmanager\cs\uras.Designer.cs">
</Event><Event ErrorLevel="0" Project="authmanager" Source="authmanager\editrole.cs" Description="文件已成功备份为 C:\Documents and Settings\liyafei\桌面\EMS\Backup\authmanager\editrole.cs">
</Event><Event ErrorLevel="0" Project="authmanager" Source="authmanager\editrole.Designer.cs" Description="文件已成功备份为 C:\Documents and Settings\liyafei\桌面\EMS\Backup\authmanager\editrole.Designer.cs">
</Event><Event ErrorLevel="0" Project="authmanager" Source="authmanager\login.cs" Description="文件已成功备份为 C:\Documents and Settings\liyafei\桌面\EMS\Backup\authmanager\login.cs">
</Event><Event ErrorLevel="0" Project="authmanager" Source="authmanager\login.Designer.cs" Description="文件已成功备份为 C:\Documents and Settings\liyafei\桌面\EMS\Backup\authmanager\login.Designer.cs">
</Event><Event ErrorLevel="0" Project="authmanager" Source="authmanager\newrole.cs" Description="文件已成功备份为 C:\Documents and Settings\liyafei\桌面\EMS\Backup\authmanager\newrole.cs">
</Event><Event ErrorLevel="0" Project="authmanager" Source="authmanager\newrole.Designer.cs" Description="文件已成功备份为 C:\Documents and Settings\liyafei\桌面\EMS\Backup\authmanager\newrole.Designer.cs">
</Event><Event ErrorLevel="0" Project="authmanager" Source="authmanager\main.cs" Description="文件已成功备份为 C:\Documents and Settings\liyafei\桌面\EMS\Backup\authmanager\main.cs">
</Event><Event ErrorLevel="0" Project="authmanager" Source="authmanager\main.Designer.cs" Description="文件已成功备份为 C:\Documents and Settings\liyafei\桌面\EMS\Backup\authmanager\main.Designer.cs">
</Event><Event ErrorLevel="0" Project="authmanager" Source="authmanager\Program.cs" Description="文件已成功备份为 C:\Documents and Settings\liyafei\桌面\EMS\Backup\authmanager\Program.cs">
</Event><Event ErrorLevel="0" Project="authmanager" Source="authmanager\Properties\AssemblyInfo.cs" Description="文件已成功备份为 C:\Documents and Settings\liyafei\桌面\EMS\Backup\authmanager\Properties\AssemblyInfo.cs">
</Event><Event ErrorLevel="0" Project="authmanager" Source="authmanager\Properties\Resources.Designer.cs" Description="文件已成功备份为 C:\Documents and Settings\liyafei\桌面\EMS\Backup\authmanager\Properties\Resources.Designer.cs">
</Event><Event ErrorLevel="0" Project="authmanager" Source="authmanager\Properties\Settings.Designer.cs" Description="文件已成功备份为 C:\Documents and Settings\liyafei\桌面\EMS\Backup\authmanager\Properties\Settings.Designer.cs">
</Event><Event ErrorLevel="0" Project="authmanager" Source="authmanager\report.cs" Description="文件已成功备份为 C:\Documents and Settings\liyafei\桌面\EMS\Backup\authmanager\report.cs">
</Event><Event ErrorLevel="0" Project="authmanager" Source="authmanager\report.Designer.cs" Description="文件已成功备份为 C:\Documents and Settings\liyafei\桌面\EMS\Backup\authmanager\report.Designer.cs">
</Event><Event ErrorLevel="0" Project="authmanager" Source="authmanager\revertdatabase.cs" Description="文件已成功备份为 C:\Documents and Settings\liyafei\桌面\EMS\Backup\authmanager\revertdatabase.cs">
</Event><Event ErrorLevel="0" Project="authmanager" Source="authmanager\revertdatabase.Designer.cs" Description="文件已成功备份为 C:\Documents and Settings\liyafei\桌面\EMS\Backup\authmanager\revertdatabase.Designer.cs">
</Event><Event ErrorLevel="0" Project="authmanager" Source="authmanager\uras.cs" Description="文件已成功备份为 C:\Documents and Settings\liyafei\桌面\EMS\Backup\authmanager\uras.cs">
</Event><Event ErrorLevel="0" Project="authmanager" Source="authmanager\app.config" Description="文件已成功备份为 C:\Documents and Settings\liyafei\桌面\EMS\Backup\authmanager\app.config">
</Event><Event ErrorLevel="0" Project="authmanager" Source="authmanager\Properties\Settings.settings" Description="文件已成功备份为 C:\Documents and Settings\liyafei\桌面\EMS\Backup\authmanager\Properties\Settings.settings">
</Event><Event ErrorLevel="0" Project="authmanager" Source="authmanager\config.cfg" Description="文件已成功备份为 C:\Documents and Settings\liyafei\桌面\EMS\Backup\authmanager\config.cfg">
</Event><Event ErrorLevel="0" Project="authmanager" Source="authmanager\cs\uras.xsc" Description="文件已成功备份为 C:\Documents and Settings\liyafei\桌面\EMS\Backup\authmanager\cs\uras.xsc">
</Event><Event ErrorLevel="0" Project="authmanager" Source="authmanager\cs\uras.xsd" Description="文件已成功备份为 C:\Documents and Settings\liyafei\桌面\EMS\Backup\authmanager\cs\uras.xsd">
</Event><Event ErrorLevel="0" Project="authmanager" Source="authmanager\cs\uras.xss" Description="文件已成功备份为 C:\Documents and Settings\liyafei\桌面\EMS\Backup\authmanager\cs\uras.xss">
</Event><Event ErrorLevel="0" Project="authmanager" Source="authmanager\Resources\start.jpg" Description="文件已成功备份为 C:\Documents and Settings\liyafei\桌面\EMS\Backup\authmanager\Resources\start.jpg">
</Event><Event ErrorLevel="0" Project="authmanager" Source="authmanager\Resources\login.jpg" Description="文件已成功备份为 C:\Documents and Settings\liyafei\桌面\EMS\Backup\authmanager\Resources\login.jpg">
</Event><Event ErrorLevel="0" Project="authmanager" Source="authmanager\cs\Resources\01.ICO" Description="文件已成功备份为 C:\Documents and Settings\liyafei\桌面\EMS\Backup\authmanager\cs\Resources\01.ICO">
</Event><Event ErrorLevel="0" Project="authmanager" Source="authmanager\logo.ICO" Description="文件已成功备份为 C:\Documents and Settings\liyafei\桌面\EMS\Backup\authmanager\logo.ICO">
</Event><Event ErrorLevel="0" Project="authmanager" Source="authmanager\about.resx" Description="文件已成功备份为 C:\Documents and Settings\liyafei\桌面\EMS\Backup\authmanager\about.resx">
</Event><Event ErrorLevel="0" Project="authmanager" Source="authmanager\adduser.resx" Description="文件已成功备份为 C:\Documents and Settings\liyafei\桌面\EMS\Backup\authmanager\adduser.resx">
</Event><Event ErrorLevel="0" Project="authmanager" Source="authmanager\adduserrole.resx" Description="文件已成功备份为 C:\Documents and Settings\liyafei\桌面\EMS\Backup\authmanager\adduserrole.resx">
</Event><Event ErrorLevel="0" Project="authmanager" Source="authmanager\backupdatabase.resx" Description="文件已成功备份为 C:\Documents and Settings\liyafei\桌面\EMS\Backup\authmanager\backupdatabase.resx">
</Event><Event ErrorLevel="0" Project="authmanager" Source="authmanager\changepassword.resx" Description="文件已成功备份为 C:\Documents and Settings\liyafei\桌面\EMS\Backup\authmanager\changepassword.resx">
</Event><Event ErrorLevel="0" Project="authmanager" Source="authmanager\cleardb.resx" Description="文件已成功备份为 C:\Documents and Settings\liyafei\桌面\EMS\Backup\authmanager\cleardb.resx">
</Event><Event ErrorLevel="0" Project="authmanager" Source="authmanager\connectset.resx" Description="文件已成功备份为 C:\Documents and Settings\liyafei\桌面\EMS\Backup\authmanager\connectset.resx">
</Event><Event ErrorLevel="0" Project="authmanager" Source="authmanager\editrole.resx" Description="文件已成功备份为 C:\Documents and Settings\liyafei\桌面\EMS\Backup\authmanager\editrole.resx">
</Event><Event ErrorLevel="0" Project="authmanager" Source="authmanager\login.resx" Description="文件已成功备份为 C:\Documents and Settings\liyafei\桌面\EMS\Backup\authmanager\login.resx">
</Event><Event ErrorLevel="0" Project="authmanager" Source="authmanager\newrole.resx" Description="文件已成功备份为 C:\Documents and Settings\liyafei\桌面\EMS\Backup\authmanager\newrole.resx">
</Event><Event ErrorLevel="0" Project="authmanager" Source="authmanager\main.resx" Description="文件已成功备份为 C:\Documents and Settings\liyafei\桌面\EMS\Backup\authmanager\main.resx">
</Event><Event ErrorLevel="0" Project="authmanager" Source="authmanager\Properties\Resources.resx" Description="文件已成功备份为 C:\Documents and Settings\liyafei\桌面\EMS\Backup\authmanager\Properties\Resources.resx">
</Event><Event ErrorLevel="0" Project="authmanager" Source="authmanager\report.resx" Description="文件已成功备份为 C:\Documents and Settings\liyafei\桌面\EMS\Backup\authmanager\report.resx">
</Event><Event ErrorLevel="0" Project="authmanager" Source="authmanager\revertdatabase.resx" Description="文件已成功备份为 C:\Documents and Settings\liyafei\桌面\EMS\Backup\authmanager\revertdatabase.resx">
</Event><Event ErrorLevel="0" Project="authmanager" Source="authmanager\uras.rpt" Description="文件已成功备份为 C:\Documents and Settings\liyafei\桌面\EMS\Backup\authmanager\uras.rpt">
</Event><Event ErrorLevel="1" Project="authmanager" Source="authmanager\authmanager.csproj" Description="您的项目以 .NET Framework 2.0 或 3.0 为目标。如果您的项目使用的程序集需要更新的 .NET Framework，则项目生成将失败。通过单击项目菜单上的“属性”，然后在“.NET Framework”下拉框中选择一个新版本，可以更改 .NET Framework 的版本。(在 Visual Basic 中，可在单击“高级编辑器选项...”按钮时显示的“编译”选项卡上找到此下拉框。)">
</Event><Event ErrorLevel="0" Project="authmanager" Source="authmanager\authmanager.csproj" Description="项目已成功转换">
</Event><Event ErrorLevel="3" Project="authmanager" Source="authmanager\authmanager.csproj" Description="Converted">
</Event><Event ErrorLevel="0" Project="FlyLib" Source="FlyLib\FlyLib.csproj" Description="项目文件已成功备份为 C:\Documents and Settings\liyafei\桌面\EMS\Backup\FlyLib\FlyLib.csproj">
</Event><Event ErrorLevel="0" Project="FlyLib" Source="FlyLib\exsql.cs" Description="文件已成功备份为 C:\Documents and Settings\liyafei\桌面\EMS\Backup\FlyLib\exsql.cs">
</Event><Event ErrorLevel="0" Project="FlyLib" Source="FlyLib\percheck.cs" Description="文件已成功备份为 C:\Documents and Settings\liyafei\桌面\EMS\Backup\FlyLib\percheck.cs">
</Event><Event ErrorLevel="0" Project="FlyLib" Source="FlyLib\Properties\AssemblyInfo.cs" Description="文件已成功备份为 C:\Documents and Settings\liyafei\桌面\EMS\Backup\FlyLib\Properties\AssemblyInfo.cs">
</Event><Event ErrorLevel="0" Project="FlyLib" Source="FlyLib\sysinfo.cs" Description="文件已成功备份为 C:\Documents and Settings\liyafei\桌面\EMS\Backup\FlyLib\sysinfo.cs">
</Event><Event ErrorLevel="1" Project="FlyLib" Source="FlyLib\FlyLib.csproj" Description="您的项目以 .NET Framework 2.0 或 3.0 为目标。如果您的项目使用的程序集需要更新的 .NET Framework，则项目生成将失败。通过单击项目菜单上的“属性”，然后在“.NET Framework”下拉框中选择一个新版本，可以更改 .NET Framework 的版本。(在 Visual Basic 中，可在单击“高级编辑器选项...”按钮时显示的“编译”选项卡上找到此下拉框。)">
</Event><Event ErrorLevel="0" Project="FlyLib" Source="FlyLib\FlyLib.csproj" Description="项目已成功转换">
</Event><Event ErrorLevel="3" Project="FlyLib" Source="FlyLib\FlyLib.csproj" Description="Converted">
</Event><Event ErrorLevel="0" Project="" Source="EMS.sln" Description="成功转换解决方案">
</Event><Event ErrorLevel="3" Project="" Source="EMS.sln" Description="Converted">
</Event><Event ErrorLevel="0" Project="EMS" Source="EMS\EMS.csproj" Description="扫描完成: 项目文件不需要升级。">
</Event><Event ErrorLevel="0" Project="authmanager" Source="authmanager\authmanager.csproj" Description="扫描完成: 项目文件不需要升级。">
</Event><Event ErrorLevel="0" Project="FlyLib" Source="FlyLib\FlyLib.csproj" Description="扫描完成: 项目文件不需要升级。">
</Event></UpgradeLog>